epoch,train_loss,val_cer,val_wer,exact_accuracy,learning_rate,best_cer,best_epoch
1,3.16198355980074,0.4031501761545536,0.9091230071430512,0.001230390649031,0.001,0.4031501761545536,1
2,1.3214126886024302,0.43495348615138735,1.0110269154512617,0.0,0.001,0.4031501761545536,1
3,1.078071341311074,0.2255280867253346,0.5832586436350797,0.003383574284835435,0.001,0.2255280867253346,3
4,0.9867705376375289,0.8871304146793786,0.9958716966783454,0.0,0.001,0.2255280867253346,3
5,0.9298384988863538,0.18582420730450866,0.4839892446834515,0.00584435558289757,0.001,0.18582420730450866,5
6,0.8885541095378551,0.20136400416136863,0.5224748092017708,0.005229160258382036,0.001,0.18582420730450866,5
7,0.8532162557498542,0.17766229588939203,0.4545750835166626,0.008612734543217471,0.001,0.17766229588939203,7
8,0.8228367281268071,0.17984852216129826,0.45862190716749507,0.00984312519224854,0.001,0.17766229588939203,7
9,0.7916299914063654,0.24168605790735426,0.5871696678345419,0.00030759766225776686,0.0005,0.17766229588939203,7
10,0.7214149427737025,0.17058093309142447,0.4240202069583639,0.013841894801599508,0.0005,0.17058093309142447,10
11,0.6864872490789028,0.1822508581566343,0.44496048235965124,0.008920332205475239,0.0005,0.17058093309142447,10
12,0.6548342080192363,0.17073673312459478,0.42931638556180235,0.009535527529990772,0.00025,0.17058093309142447,10
13,0.5813830969694779,0.16465550602343032,0.41065754094353457,0.012919101814826207,0.00025,0.16465550602343032,13
14,0.5482946870491859,0.17320440461771194,0.4171215948287569,0.01076591817902184,0.00025,0.16465550602343032,13
15,0.5268631933338133,0.16743477758288813,0.41484016404573726,0.012611504152568441,0.000125,0.16465550602343032,13
16,0.5003140269049274,0.17170671397626813,0.4076971129036639,0.010458320516764073,0.000125,0.16465550602343032,13
17,0.4843643814883937,0.17053570082372985,0.41307477117792446,0.010150722854506305,6.25e-05,0.16465550602343032,13
